"","rank","port","economy","lon","lat","port_label","year","volume"
"1",1,"Shanghai","China",121.473701,31.230416,"Shanghai","2014[1]","35,268"
"2",2,"Singapore","Singapore",103.819836,1.352083,"Singapore","2014[1]","33,869"
"3",3,"Shenzhen","China",114.057865,22.543096,"Shenzhen","2014[1]","23,798"
"4",4,"Hong Kong","China",114.109497,22.396428,"Hong Kong","2014[1]","22,374"
"5",5,"Ningbo-Zhoushan","China",121.9880433,29.9016199,"Ningbo/Z-shan","2014[1]","19,450"
"6",6,"Busan","South Korea",129.0756416,35.1795543,"Busan","2014[1]","18,423"
"7",7,"Qingdao","China",120.382609,36.067108,"Qingdao","2014[1]","16,624"
"8",8,"Guangzhou","China",113.264385,23.12911,"Guangzhou","2014[1]","16,160"
"9",9,"Jebel Ali (Dubai)","United Arab Emirates",55.0272904,24.9857145,"Dubai","2014[1]","14,750"
"10",10,"Tianjin","China",117.200983,39.084158,"Tianjin","2014[1]","14,050"
"11",11,"Rotterdam","Netherlands",4.4777325,51.9244201,"Rotterdam","2014[1]","12,453"
"12",12,"Port Klang","Malaysia",101.39283,2.999852,"Port Klang","2014[1]","10,736"
"13",13,"Kaohsiung","Taiwan",120.3014353,22.6272784,"Kaohsiung","2014[1]","10,593"
"14",14,"Dalian","China",121.614682,38.914003,"Dalian","2014[1]","10,128"
"15",15,"Hamburg","Germany",9.9936818,53.5510846,"Hamburg","2014[1]","9,729"
"16",16,"Antwerp","Belgium",4.4024643,51.2194475,"Antwerp","2014[1]","9,136"
"17",17,"Xiamen","China",118.089425,24.479834,"Xiamen","2014[1]","8,572"
"18",18,"Los Angeles","United States",-118.2436849,34.0522342,"Los Angeles","2014[1]","8,340"
"19",19,"Tanjung Pelepas","Malaysia",103.551035,1.362374,"Tanjung Pelepas","2014[1]","7,897"
"20",20,"Long Beach","United States",-118.1937395,33.7700504,"Long Beach","2014[1]","6,821"
"21",21,"Laem Chabang","Thailand",100.9158073,13.1040552,"Laem Chabang","2014[1]","6,518"
"22",22,"Ho Chi Minh City (Saigon)","Vietnam",106.6296638,10.8230989,"Saigon","2014[1]","6,334"
"23",23,"Bremen/Bremerhaven","Germany",8.5809424,53.5395845,"Bremen","2014[1]","5,796"
"24",24,"New York and New Jersey","United States",-74.0059413,40.7127837,"New York","2014[1]","5,772"
"25",25,"Yingkou","China",122.108231,40.266062,"Yingkou","2014[1]","5,768"
"26",26,"Tanjung Priok (Jakarta)","Indonesia",106.8714848,-6.1320555,"Jakarta","2014[1]","5,034"
"27",27,"Lianyungang","China",119.221611,34.596653,"Lianyungang","2014[1]","5,005"
"28",28,"Tokyo","Japan",139.6917064,35.6894875,"Tokyo","2014[1]","4,917"
"29",29,"Mumbai","India",72.8776559,19.0759837,"Mumbai","2014[1]","4,496"
"30",30,"Algeciras","Spain",-5.456233,36.1407591,"Algeciras","2014[1]","4,457"
"31",31,"Valencia","Spain",-0.3762881,39.46991,"Valencia","2014[1]","4,442"
"32",32,"Khor Fakkan","United Arab Emirates",56.3432629,25.3365669,"Khor Fakkan","2014[1]","4,256"
"33",33,"Jeddah","Saudi Arabia",39.2375507,21.2854067,"Jeddah","2014[1]","4,200"
"34",34,"Colombo","Sri Lanka",79.861243,6.9270786,"Colombo","2014[1]","4,097"
"35",35,"Santos","Brazil",-46.3288865,-23.9678823,"Santos","2014[1]","3,685"
"36",36,"Felixstowe","United Kingdom",1.351255,51.961726,"Felixstowe","2014[1]","3,680"
"37",37,"Manila","Philippines",120.9842195,14.5995124,"Manila","2014[1]","3,673"
"38",38,"Seattle/Tacoma","United States",-122.3088165,47.4502499,"Seattle/Tacoma","2014[1]","3,456"
"39",39,"Ambarli (Istanbul)","Turkey",28.7110539,40.9767748,"Istanbul","2014[1]","3,445"
"40",40,"Tanger-Med (Tangiers)","Morocco",-5.7155548,35.7239191,"Tangiers","2014[1]","3,354"
"41",41,"Savannah","United States",-81.0998342,32.0835407,"Savannah","2014[1]","3,346"
"42",42,"Balboa","Panama",-117.924131,33.607795,"Balboa","2014[1]","3,236"
"43",43,"Gioia Tauro","Italy",15.8988669,38.4262258,"Gioia Tauro","2014[1]","3,062"
"44",44,"Port Said","Egypt",32.3018661,31.2652893,"Port Said","2014[1]","3,036"
"45",45,"Salalah","Oman",54.1065864,17.0506675,"Salalah","2014[1]","3,030"
"46",46,"Keelung","Taiwan",121.7391833,25.1276033,"Keelung","2014[1]","2,943"
"47",47,"Vancouver","Canada",-123.1207375,49.2827291,"Vancouver","2014[1]","2,913"
"48",48,"Malta Freeport","Malta",14.537637,35.816287,"Malta Freeport","2014[1]","2,869"
"49",49,"Yokohama","Japan",139.6380256,35.4437078,"Yokohama","2014[1]","2,775"
"50",50,"Nagoya","Japan",136.906398,35.1814464,"Nagoya","2014[1]","2,740"
"51",1,"Shanghai","China",121.473701,31.230416,"Shanghai","2013[2]","33,617"
"52",2,"Singapore","Singapore",103.819836,1.352083,"Singapore","2013[2]","32,240"
"53",3,"Shenzhen","China",114.057865,22.543096,"Shenzhen","2013[2]","23,280"
"54",4,"Hong Kong","China",114.109497,22.396428,"Hong Kong","2013[2]","22,352"
"55",5,"Ningbo-Zhoushan","China",121.9880433,29.9016199,"Ningbo/Z-shan","2013[2]","17,351"
"56",6,"Busan","South Korea",129.0756416,35.1795543,"Busan","2013[2]","17,690"
"57",7,"Qingdao","China",120.382609,36.067108,"Qingdao","2013[2]","15,520"
"58",8,"Guangzhou","China",113.264385,23.12911,"Guangzhou","2013[2]","15,309"
"59",9,"Jebel Ali (Dubai)","United Arab Emirates",55.0272904,24.9857145,"Dubai","2013[2]","13,641"
"60",10,"Tianjin","China",117.200983,39.084158,"Tianjin","2013[2]","13,010"
"61",11,"Rotterdam","Netherlands",4.4777325,51.9244201,"Rotterdam","2013[2]","11,621"
"62",12,"Port Klang","Malaysia",101.39283,2.999852,"Port Klang","2013[2]","10,350"
"63",13,"Kaohsiung","Taiwan",120.3014353,22.6272784,"Kaohsiung","2013[2]","9,938"
"64",14,"Dalian","China",121.614682,38.914003,"Dalian","2013[2]","10,860"
"65",15,"Hamburg","Germany",9.9936818,53.5510846,"Hamburg","2013[2]","9,302"
"66",16,"Antwerp","Belgium",4.4024643,51.2194475,"Antwerp","2013[2]","8,578"
"67",17,"Xiamen","China",118.089425,24.479834,"Xiamen","2013[2]","8,010"
"68",18,"Los Angeles","United States",-118.2436849,34.0522342,"Los Angeles","2013[2]","7,869"
"69",19,"Tanjung Pelepas","Malaysia",103.551035,1.362374,"Tanjung Pelepas","2013[2]","7,628"
"70",20,"Long Beach","United States",-118.1937395,33.7700504,"Long Beach","2013[2]","6,731"
"71",21,"Laem Chabang","Thailand",100.9158073,13.1040552,"Laem Chabang","2013[2]","6,032"
"72",22,"Ho Chi Minh City (Saigon)","Vietnam",106.6296638,10.8230989,"Saigon","2013[2]","5,542"
"73",23,"Bremen/Bremerhaven","Germany",8.5809424,53.5395845,"Bremen","2013[2]","5,831"
"74",24,"New York and New Jersey","United States",-74.0059413,40.7127837,"New York","2013[2]","5,467"
"75",25,"Yingkou","China",122.108231,40.266062,"Yingkou","2013[2]","5,301"
"76",26,"Tanjung Priok (Jakarta)","Indonesia",106.8714848,-6.1320555,"Jakarta","2013[2]","6,590"
"77",27,"Lianyungang","China",119.221611,34.596653,"Lianyungang","2013[2]","5,490"
"78",28,"Tokyo","Japan",139.6917064,35.6894875,"Tokyo","2013[2]","4,861"
"79",29,"Mumbai","India",72.8776559,19.0759837,"Mumbai","2013[2]","4,162"
"80",30,"Algeciras","Spain",-5.456233,36.1407591,"Algeciras","2013[2]","4,501"
"81",31,"Valencia","Spain",-0.3762881,39.46991,"Valencia","2013[2]","4,328"
"82",32,"Khor Fakkan","United Arab Emirates",56.3432629,25.3365669,"Khor Fakkan","2013[2]","3,800"
"83",33,"Jeddah","Saudi Arabia",39.2375507,21.2854067,"Jeddah","2013[2]","4,561"
"84",34,"Colombo","Sri Lanka",79.861243,6.9270786,"Colombo","2013[2]","4,306"
"85",35,"Santos","Brazil",-46.3288865,-23.9678823,"Santos","2013[2]","3,446"
"86",36,"Felixstowe","United Kingdom",1.351255,51.961726,"Felixstowe","2013[2]","3,740"
"87",37,"Manila","Philippines",120.9842195,14.5995124,"Manila","2013[2]","3,770"
"88",38,"Seattle/Tacoma","United States",-122.3088165,47.4502499,"Seattle/Tacoma","2013[2]","3,461"
"89",39,"Ambarli (Istanbul)","Turkey",28.7110539,40.9767748,"Istanbul","2013[2]","3,378"
"90",40,"Tanger-Med (Tangiers)","Morocco",-5.7155548,35.7239191,"Tangiers","2013[2]","2,558"
"91",41,"Savannah","United States",-81.0998342,32.0835407,"Savannah","2013[2]","3,034"
"92",42,"Balboa","Panama",-117.924131,33.607795,"Balboa","2013[2]","3,064"
"93",43,"Gioia Tauro","Italy",15.8988669,38.4262258,"Gioia Tauro","2013[2]","3,087"
"94",44,"Port Said","Egypt",32.3018661,31.2652893,"Port Said","2013[2]","4,100"
"95",45,"Salalah","Oman",54.1065864,17.0506675,"Salalah","2013[2]","3,340"
"96",46,"Keelung","Taiwan",121.7391833,25.1276033,"Keelung","2013[2]","2,642"
"97",47,"Vancouver","Canada",-123.1207375,49.2827291,"Vancouver","2013[2]","2,825"
"98",48,"Malta Freeport","Malta",14.537637,35.816287,"Malta Freeport","2013[2]","2,750"
"99",49,"Yokohama","Japan",139.6380256,35.4437078,"Yokohama","2013[2]","2,888"
"100",50,"Nagoya","Japan",136.906398,35.1814464,"Nagoya","2013[2]","2,709"
"101",1,"Shanghai","China",121.473701,31.230416,"Shanghai","2012[3]","32,529"
"102",2,"Singapore","Singapore",103.819836,1.352083,"Singapore","2012[3]","31,649"
"103",3,"Shenzhen","China",114.057865,22.543096,"Shenzhen","2012[3]","22,940"
"104",4,"Hong Kong","China",114.109497,22.396428,"Hong Kong","2012[3]","23,117"
"105",5,"Ningbo-Zhoushan","China",121.9880433,29.9016199,"Ningbo/Z-shan","2012[3]","16,670"
"106",6,"Busan","South Korea",129.0756416,35.1795543,"Busan","2012[3]","17,046"
"107",7,"Qingdao","China",120.382609,36.067108,"Qingdao","2012[3]","14,503"
"108",8,"Guangzhou","China",113.264385,23.12911,"Guangzhou","2012[3]","14,744"
"109",9,"Jebel Ali (Dubai)","United Arab Emirates",55.0272904,24.9857145,"Dubai","2012[3]","13,270"
"110",10,"Tianjin","China",117.200983,39.084158,"Tianjin","2012[3]","12,300"
"111",11,"Rotterdam","Netherlands",4.4777325,51.9244201,"Rotterdam","2012[3]","11,866"
"112",12,"Port Klang","Malaysia",101.39283,2.999852,"Port Klang","2012[3]","10,000"
"113",13,"Kaohsiung","Taiwan",120.3014353,22.6272784,"Kaohsiung","2012[3]","9,781"
"114",14,"Dalian","China",121.614682,38.914003,"Dalian","2012[3]","8,060"
"115",15,"Hamburg","Germany",9.9936818,53.5510846,"Hamburg","2012[3]","8,864"
"116",16,"Antwerp","Belgium",4.4024643,51.2194475,"Antwerp","2012[3]","8,635"
"117",17,"Xiamen","China",118.089425,24.479834,"Xiamen","2012[3]","7,202"
"118",18,"Los Angeles","United States",-118.2436849,34.0522342,"Los Angeles","2012[3]","8,078"
"119",19,"Tanjung Pelepas","Malaysia",103.551035,1.362374,"Tanjung Pelepas","2012[3]","7,700"
"120",20,"Long Beach","United States",-118.1937395,33.7700504,"Long Beach","2012[3]","6,046"
"121",21,"Laem Chabang","Thailand",100.9158073,13.1040552,"Laem Chabang","2012[3]","5,830"
"122",22,"Ho Chi Minh City (Saigon)","Vietnam",106.6296638,10.8230989,"Saigon","2012[3]","5,060"
"123",23,"Bremen/Bremerhaven","Germany",8.5809424,53.5395845,"Bremen","2012[3]","6,115"
"124",24,"New York and New Jersey","United States",-74.0059413,40.7127837,"New York","2012[3]","5,530"
"125",25,"Yingkou","China",122.108231,40.266062,"Yingkou","2012[3]","4,851"
"126",26,"Tanjung Priok (Jakarta)","Indonesia",106.8714848,-6.1320555,"Jakarta","2012[3]","6,200"
"127",27,"Lianyungang","China",119.221611,34.596653,"Lianyungang","2012[3]","5,020"
"128",28,"Tokyo","Japan",139.6917064,35.6894875,"Tokyo","2012[3]","4,752"
"129",29,"Mumbai","India",72.8776559,19.0759837,"Mumbai","2012[3]","4,260"
"130",30,"Algeciras","Spain",-5.456233,36.1407591,"Algeciras","2012[3]","4,114"
"131",31,"Valencia","Spain",-0.3762881,39.46991,"Valencia","2012[3]","4,470"
"132",32,"Khor Fakkan","United Arab Emirates",56.3432629,25.3365669,"Khor Fakkan","2012[3]","3,996"
"133",33,"Jeddah","Saudi Arabia",39.2375507,21.2854067,"Jeddah","2012[3]","4,738"
"134",34,"Colombo","Sri Lanka",79.861243,6.9270786,"Colombo","2012[3]","4,180"
"135",35,"Santos","Brazil",-46.3288865,-23.9678823,"Santos","2012[3]","3,172"
"136",36,"Felixstowe","United Kingdom",1.351255,51.961726,"Felixstowe","2012[3]","3,700"
"137",37,"Manila","Philippines",120.9842195,14.5995124,"Manila","2012[3]","3,705"
"138",38,"Seattle/Tacoma","United States",-122.3088165,47.4502499,"Seattle/Tacoma","2012[3]","3,510"
"139",39,"Ambarli (Istanbul)","Turkey",28.7110539,40.9767748,"Istanbul","2012[3]","3,097"
"140",40,"Tanger-Med (Tangiers)","Morocco",-5.7155548,35.7239191,"Tangiers","2012[3]","1,900"
"141",41,"Savannah","United States",-81.0998342,32.0835407,"Savannah","2012[3]","2,966"
"142",42,"Balboa","Panama",-117.924131,33.607795,"Balboa","2012[3]","3,251"
"143",43,"Gioia Tauro","Italy",15.8988669,38.4262258,"Gioia Tauro","2012[3]","2,721"
"144",44,"Port Said","Egypt",32.3018661,31.2652893,"Port Said","2012[3]","3,631"
"145",45,"Salalah","Oman",54.1065864,17.0506675,"Salalah","2012[3]","3,620"
"146",46,"Keelung","Taiwan",121.7391833,25.1276033,"Keelung","2012[3]","2,705"
"147",47,"Vancouver","Canada",-123.1207375,49.2827291,"Vancouver","2012[3]","2,713"
"148",48,"Malta Freeport","Malta",14.537637,35.816287,"Malta Freeport","2012[3]","2,540"
"149",49,"Yokohama","Japan",139.6380256,35.4437078,"Yokohama","2012[3]","3,053"
"150",50,"Nagoya","Japan",136.906398,35.1814464,"Nagoya","2012[3]","2,655"
"151",1,"Shanghai","China",121.473701,31.230416,"Shanghai","2011[4]","31,700"
"152",2,"Singapore","Singapore",103.819836,1.352083,"Singapore","2011[4]","29,937"
"153",3,"Shenzhen","China",114.057865,22.543096,"Shenzhen","2011[4]","22,570"
"154",4,"Hong Kong","China",114.109497,22.396428,"Hong Kong","2011[4]","24,384"
"155",5,"Ningbo-Zhoushan","China",121.9880433,29.9016199,"Ningbo/Z-shan","2011[4]","14,686"
"156",6,"Busan","South Korea",129.0756416,35.1795543,"Busan","2011[4]","16,185"
"157",7,"Qingdao","China",120.382609,36.067108,"Qingdao","2011[4]","13,020"
"158",8,"Guangzhou","China",113.264385,23.12911,"Guangzhou","2011[4]","14,400"
"159",9,"Jebel Ali (Dubai)","United Arab Emirates",55.0272904,24.9857145,"Dubai","2011[4]","13,000"
"160",10,"Tianjin","China",117.200983,39.084158,"Tianjin","2011[4]","11,500"
"161",11,"Rotterdam","Netherlands",4.4777325,51.9244201,"Rotterdam","2011[4]","11,877"
"162",12,"Port Klang","Malaysia",101.39283,2.999852,"Port Klang","2011[4]","9,604"
"163",13,"Kaohsiung","Taiwan",120.3014353,22.6272784,"Kaohsiung","2011[4]","9,636"
"164",14,"Dalian","China",121.614682,38.914003,"Dalian","2011[4]","6,400"
"165",15,"Hamburg","Germany",9.9936818,53.5510846,"Hamburg","2011[4]","9,022"
"166",16,"Antwerp","Belgium",4.4024643,51.2194475,"Antwerp","2011[4]","8,664"
"167",17,"Xiamen","China",118.089425,24.479834,"Xiamen","2011[4]","6,461"
"168",18,"Los Angeles","United States",-118.2436849,34.0522342,"Los Angeles","2011[4]","7,941"
"169",19,"Tanjung Pelepas","Malaysia",103.551035,1.362374,"Tanjung Pelepas","2011[4]","7,500"
"170",20,"Long Beach","United States",-118.1937395,33.7700504,"Long Beach","2011[4]","6,061"
"171",21,"Laem Chabang","Thailand",100.9158073,13.1040552,"Laem Chabang","2011[4]","5,731"
"172",22,"Ho Chi Minh City (Saigon)","Vietnam",106.6296638,10.8230989,"Saigon","2011[4]","4,674"
"173",23,"Bremen/Bremerhaven","Germany",8.5809424,53.5395845,"Bremen","2011[4]","5,915"
"174",24,"New York and New Jersey","United States",-74.0059413,40.7127837,"New York","2011[4]","5,503"
"175",25,"Yingkou","China",122.108231,40.266062,"Yingkou","2011[4]","4,033"
"176",26,"Tanjung Priok (Jakarta)","Indonesia",106.8714848,-6.1320555,"Jakarta","2011[4]","5,618"
"177",27,"Lianyungang","China",119.221611,34.596653,"Lianyungang","2011[4]","4,850"
"178",28,"Tokyo","Japan",139.6917064,35.6894875,"Tokyo","2011[4]","4,640"
"179",29,"Mumbai","India",72.8776559,19.0759837,"Mumbai","2011[4]","4,217"
"180",30,"Algeciras","Spain",-5.456233,36.1407591,"Algeciras","2011[4]","3,603"
"181",31,"Valencia","Spain",-0.3762881,39.46991,"Valencia","2011[4]","4,327"
"182",32,"Khor Fakkan","United Arab Emirates",56.3432629,25.3365669,"Khor Fakkan","2011[4]","3,230"
"183",33,"Jeddah","Saudi Arabia",39.2375507,21.2854067,"Jeddah","2011[4]","4,010"
"184",34,"Colombo","Sri Lanka",79.861243,6.9270786,"Colombo","2011[4]","4,263"
"185",35,"Santos","Brazil",-46.3288865,-23.9678823,"Santos","2011[4]","2,985"
"186",36,"Felixstowe","United Kingdom",1.351255,51.961726,"Felixstowe","2011[4]","3,519"
"187",37,"Manila","Philippines",120.9842195,14.5995124,"Manila","2011[4]","3,250"
"188",38,"Seattle/Tacoma","United States",-122.3088165,47.4502499,"Seattle/Tacoma","2011[4]","3,590"
"189",39,"Ambarli (Istanbul)","Turkey",28.7110539,40.9767748,"Istanbul","2011[4]","2,686"
"190",40,"Tanger-Med (Tangiers)","Morocco",-5.7155548,35.7239191,"Tangiers","2011[4]","2,070"
"191",41,"Savannah","United States",-81.0998342,32.0835407,"Savannah","2011[4]","2,945"
"192",42,"Balboa","Panama",-117.924131,33.607795,"Balboa","2011[4]","3,232"
"193",43,"Gioia Tauro","Italy",15.8988669,38.4262258,"Gioia Tauro","2011[4]","2,305"
"194",44,"Port Said","Egypt",32.3018661,31.2652893,"Port Said","2011[4]","4,272"
"195",45,"Salalah","Oman",54.1065864,17.0506675,"Salalah","2011[4]","3,201"
"196",46,"Keelung","Taiwan",121.7391833,25.1276033,"Keelung","2011[4]","2,403"
"197",47,"Vancouver","Canada",-123.1207375,49.2827291,"Vancouver","2011[4]","2,551"
"198",48,"Malta Freeport","Malta",14.537637,35.816287,"Malta Freeport","2011[4]","2,360"
"199",49,"Yokohama","Japan",139.6380256,35.4437078,"Yokohama","2011[4]","3,083"
"200",50,"Nagoya","Japan",136.906398,35.1814464,"Nagoya","2011[4]","2,623"
"201",1,"Shanghai","China",121.473701,31.230416,"Shanghai","2010[5]","29,069"
"202",2,"Singapore","Singapore",103.819836,1.352083,"Singapore","2010[5]","28,431"
"203",3,"Shenzhen","China",114.057865,22.543096,"Shenzhen","2010[5]","22,510"
"204",4,"Hong Kong","China",114.109497,22.396428,"Hong Kong","2010[5]","23,532"
"205",5,"Ningbo-Zhoushan","China",121.9880433,29.9016199,"Ningbo/Z-shan","2010[5]","13,144"
"206",6,"Busan","South Korea",129.0756416,35.1795543,"Busan","2010[5]","14,157"
"207",7,"Qingdao","China",120.382609,36.067108,"Qingdao","2010[5]","12,012"
"208",8,"Guangzhou","China",113.264385,23.12911,"Guangzhou","2010[5]","12,550"
"209",9,"Jebel Ali (Dubai)","United Arab Emirates",55.0272904,24.9857145,"Dubai","2010[5]","11,600"
"210",10,"Tianjin","China",117.200983,39.084158,"Tianjin","2010[5]","10,080"
"211",11,"Rotterdam","Netherlands",4.4777325,51.9244201,"Rotterdam","2010[5]","11,146"
"212",12,"Port Klang","Malaysia",101.39283,2.999852,"Port Klang","2010[5]","8,870"
"213",13,"Kaohsiung","Taiwan",120.3014353,22.6272784,"Kaohsiung","2010[5]","8,872"
"214",14,"Dalian","China",121.614682,38.914003,"Dalian","2010[5]","5,242"
"215",15,"Hamburg","Germany",9.9936818,53.5510846,"Hamburg","2010[5]","7,900"
"216",16,"Antwerp","Belgium",4.4024643,51.2194475,"Antwerp","2010[5]","8,468"
"217",17,"Xiamen","China",118.089425,24.479834,"Xiamen","2010[5]","5,820"
"218",18,"Los Angeles","United States",-118.2436849,34.0522342,"Los Angeles","2010[5]","7,832"
"219",19,"Tanjung Pelepas","Malaysia",103.551035,1.362374,"Tanjung Pelepas","2010[5]","6,530"
"220",20,"Long Beach","United States",-118.1937395,33.7700504,"Long Beach","2010[5]","6,263"
"221",21,"Laem Chabang","Thailand",100.9158073,13.1040552,"Laem Chabang","2010[5]","5,068"
"222",22,"Ho Chi Minh City (Saigon)","Vietnam",106.6296638,10.8230989,"Saigon","2010[5]","4,100"
"223",23,"Bremen/Bremerhaven","Germany",8.5809424,53.5395845,"Bremen","2010[5]","4,871"
"224",24,"New York and New Jersey","United States",-74.0059413,40.7127837,"New York","2010[5]","5,292"
"225",25,"Yingkou","China",122.108231,40.266062,"Yingkou","2010[5]","3,338"
"226",26,"Tanjung Priok (Jakarta)","Indonesia",106.8714848,-6.1320555,"Jakarta","2010[5]","4,715"
"227",27,"Lianyungang","China",119.221611,34.596653,"Lianyungang","2010[5]","3,870"
"228",28,"Tokyo","Japan",139.6917064,35.6894875,"Tokyo","2010[5]","4,286"
"229",29,"Mumbai","India",72.8776559,19.0759837,"Mumbai","2010[5]","3,857"
"230",30,"Algeciras","Spain",-5.456233,36.1407591,"Algeciras","2010[5]","2,810"
"231",31,"Valencia","Spain",-0.3762881,39.46991,"Valencia","2010[5]","4,207"
"232",32,"Khor Fakkan","United Arab Emirates",56.3432629,25.3365669,"Khor Fakkan","2010[5]","3,023"
"233",33,"Jeddah","Saudi Arabia",39.2375507,21.2854067,"Jeddah","2010[5]","3,830"
"234",34,"Colombo","Sri Lanka",79.861243,6.9270786,"Colombo","2010[5]","4,137"
"235",35,"Santos","Brazil",-46.3288865,-23.9678823,"Santos","2010[5]","2,716"
"236",36,"Felixstowe","United Kingdom",1.351255,51.961726,"Felixstowe","2010[5]","3,400"
"237",37,"Manila","Philippines",120.9842195,14.5995124,"Manila","2010[5]","3,257"
"238",38,"Seattle/Tacoma","United States",-122.3088165,47.4502499,"Seattle/Tacoma","2010[5]",""
"239",39,"Ambarli (Istanbul)","Turkey",28.7110539,40.9767748,"Istanbul","2010[5]","2,540"
"240",40,"Tanger-Med (Tangiers)","Morocco",-5.7155548,35.7239191,"Tangiers","2010[5]","2,058"
"241",41,"Savannah","United States",-81.0998342,32.0835407,"Savannah","2010[5]","2,825"
"242",42,"Balboa","Panama",-117.924131,33.607795,"Balboa","2010[5]","2,759"
"243",43,"Gioia Tauro","Italy",15.8988669,38.4262258,"Gioia Tauro","2010[5]","2,851"
"244",44,"Port Said","Egypt",32.3018661,31.2652893,"Port Said","2010[5]","3,646"
"245",45,"Salalah","Oman",54.1065864,17.0506675,"Salalah","2010[5]","3,482"
"246",46,"Keelung","Taiwan",121.7391833,25.1276033,"Keelung","2010[5]","2,199"
"247",47,"Vancouver","Canada",-123.1207375,49.2827291,"Vancouver","2010[5]","2,514"
"248",48,"Malta Freeport","Malta",14.537637,35.816287,"Malta Freeport","2010[5]","2,371"
"249",49,"Yokohama","Japan",139.6380256,35.4437078,"Yokohama","2010[5]","3,280"
"250",50,"Nagoya","Japan",136.906398,35.1814464,"Nagoya","2010[5]","2,549"
"251",1,"Shanghai","China",121.473701,31.230416,"Shanghai","2009[6]","25,002"
"252",2,"Singapore","Singapore",103.819836,1.352083,"Singapore","2009[6]","25,866"
"253",3,"Shenzhen","China",114.057865,22.543096,"Shenzhen","2009[6]","18,250"
"254",4,"Hong Kong","China",114.109497,22.396428,"Hong Kong","2009[6]","20,983"
"255",5,"Ningbo-Zhoushan","China",121.9880433,29.9016199,"Ningbo/Z-shan","2009[6]","10,502"
"256",6,"Busan","South Korea",129.0756416,35.1795543,"Busan","2009[6]","11,954"
"257",7,"Qingdao","China",120.382609,36.067108,"Qingdao","2009[6]","10,260"
"258",8,"Guangzhou","China",113.264385,23.12911,"Guangzhou","2009[6]","11,190"
"259",9,"Jebel Ali (Dubai)","United Arab Emirates",55.0272904,24.9857145,"Dubai","2009[6]","11,124"
"260",10,"Tianjin","China",117.200983,39.084158,"Tianjin","2009[6]","8,700"
"261",11,"Rotterdam","Netherlands",4.4777325,51.9244201,"Rotterdam","2009[6]","9,743"
"262",12,"Port Klang","Malaysia",101.39283,2.999852,"Port Klang","2009[6]","7,309"
"263",13,"Kaohsiung","Taiwan",120.3014353,22.6272784,"Kaohsiung","2009[6]","8,581"
"264",14,"Dalian","China",121.614682,38.914003,"Dalian","2009[6]","4,552"
"265",15,"Hamburg","Germany",9.9936818,53.5510846,"Hamburg","2009[6]","7,007"
"266",16,"Antwerp","Belgium",4.4024643,51.2194475,"Antwerp","2009[6]","7,309"
"267",17,"Xiamen","China",118.089425,24.479834,"Xiamen","2009[6]","4,680"
"268",18,"Los Angeles","United States",-118.2436849,34.0522342,"Los Angeles","2009[6]","6,748"
"269",19,"Tanjung Pelepas","Malaysia",103.551035,1.362374,"Tanjung Pelepas","2009[6]","6,000"
"270",20,"Long Beach","United States",-118.1937395,33.7700504,"Long Beach","2009[6]","5,067"
"271",21,"Laem Chabang","Thailand",100.9158073,13.1040552,"Laem Chabang","2009[6]","4,538"
"272",22,"Ho Chi Minh City (Saigon)","Vietnam",106.6296638,10.8230989,"Saigon","2009[6]","3,563"
"273",23,"Bremen/Bremerhaven","Germany",8.5809424,53.5395845,"Bremen","2009[6]","4,578"
"274",24,"New York and New Jersey","United States",-74.0059413,40.7127837,"New York","2009[6]","4,561"
"275",25,"Yingkou","China",122.108231,40.266062,"Yingkou","2009[6]","2,537"
"276",26,"Tanjung Priok (Jakarta)","Indonesia",106.8714848,-6.1320555,"Jakarta","2009[6]","3,800"
"277",27,"Lianyungang","China",119.221611,34.596653,"Lianyungang","2009[6]","3,021"
"278",28,"Tokyo","Japan",139.6917064,35.6894875,"Tokyo","2009[6]","3,810"
"279",29,"Mumbai","India",72.8776559,19.0759837,"Mumbai","2009[6]","4,061"
"280",30,"Algeciras","Spain",-5.456233,36.1407591,"Algeciras","2009[6]","3,042"
"281",31,"Valencia","Spain",-0.3762881,39.46991,"Valencia","2009[6]","3,653"
"282",32,"Khor Fakkan","United Arab Emirates",56.3432629,25.3365669,"Khor Fakkan","2009[6]","2,750"
"283",33,"Jeddah","Saudi Arabia",39.2375507,21.2854067,"Jeddah","2009[6]","3,091"
"284",34,"Colombo","Sri Lanka",79.861243,6.9270786,"Colombo","2009[6]","3,464"
"285",35,"Santos","Brazil",-46.3288865,-23.9678823,"Santos","2009[6]","2,252"
"286",36,"Felixstowe","United Kingdom",1.351255,51.961726,"Felixstowe","2009[6]","3,100"
"287",37,"Manila","Philippines",120.9842195,14.5995124,"Manila","2009[6]","2,815"
"288",38,"Seattle/Tacoma","United States",-122.3088165,47.4502499,"Seattle/Tacoma","2009[6]",""
"289",39,"Ambarli (Istanbul)","Turkey",28.7110539,40.9767748,"Istanbul","2009[6]","1,836"
"290",40,"Tanger-Med (Tangiers)","Morocco",-5.7155548,35.7239191,"Tangiers","2009[6]","1,222"
"291",41,"Savannah","United States",-81.0998342,32.0835407,"Savannah","2009[6]","2,356"
"292",42,"Balboa","Panama",-117.924131,33.607795,"Balboa","2009[6]","2,012"
"293",43,"Gioia Tauro","Italy",15.8988669,38.4262258,"Gioia Tauro","2009[6]","2,857"
"294",44,"Port Said","Egypt",32.3018661,31.2652893,"Port Said","2009[6]","3,300"
"295",45,"Salalah","Oman",54.1065864,17.0506675,"Salalah","2009[6]","3,490"
"296",46,"Keelung","Taiwan",121.7391833,25.1276033,"Keelung","2009[6]","1,578"
"297",47,"Vancouver","Canada",-123.1207375,49.2827291,"Vancouver","2009[6]","2,492"
"298",48,"Malta Freeport","Malta",14.537637,35.816287,"Malta Freeport","2009[6]","2,260"
"299",49,"Yokohama","Japan",139.6380256,35.4437078,"Yokohama","2009[6]","2,555"
"300",50,"Nagoya","Japan",136.906398,35.1814464,"Nagoya","2009[6]","2,113"
"301",1,"Shanghai","China",121.473701,31.230416,"Shanghai","2008[7]","27,980"
"302",2,"Singapore","Singapore",103.819836,1.352083,"Singapore","2008[7]","29,918"
"303",3,"Shenzhen","China",114.057865,22.543096,"Shenzhen","2008[7]","21,414"
"304",4,"Hong Kong","China",114.109497,22.396428,"Hong Kong","2008[7]","24,248"
"305",5,"Ningbo-Zhoushan","China",121.9880433,29.9016199,"Ningbo/Z-shan","2008[7]","11,226"
"306",6,"Busan","South Korea",129.0756416,35.1795543,"Busan","2008[7]","13,425"
"307",7,"Qingdao","China",120.382609,36.067108,"Qingdao","2008[7]","10,320"
"308",8,"Guangzhou","China",113.264385,23.12911,"Guangzhou","2008[7]","11,001"
"309",9,"Jebel Ali (Dubai)","United Arab Emirates",55.0272904,24.9857145,"Dubai","2008[7]","11,827"
"310",10,"Tianjin","China",117.200983,39.084158,"Tianjin","2008[7]","8,500"
"311",11,"Rotterdam","Netherlands",4.4777325,51.9244201,"Rotterdam","2008[7]","10,784"
"312",12,"Port Klang","Malaysia",101.39283,2.999852,"Port Klang","2008[7]","7,970"
"313",13,"Kaohsiung","Taiwan",120.3014353,22.6272784,"Kaohsiung","2008[7]","9,677"
"314",14,"Dalian","China",121.614682,38.914003,"Dalian","2008[7]","4,503"
"315",15,"Hamburg","Germany",9.9936818,53.5510846,"Hamburg","2008[7]","9,737"
"316",16,"Antwerp","Belgium",4.4024643,51.2194475,"Antwerp","2008[7]","8,663"
"317",17,"Xiamen","China",118.089425,24.479834,"Xiamen","2008[7]","5,035"
"318",18,"Los Angeles","United States",-118.2436849,34.0522342,"Los Angeles","2008[7]","7,850"
"319",19,"Tanjung Pelepas","Malaysia",103.551035,1.362374,"Tanjung Pelepas","2008[7]","5,600"
"320",20,"Long Beach","United States",-118.1937395,33.7700504,"Long Beach","2008[7]","6,350"
"321",21,"Laem Chabang","Thailand",100.9158073,13.1040552,"Laem Chabang","2008[7]","5,134"
"322",22,"Ho Chi Minh City (Saigon)","Vietnam",106.6296638,10.8230989,"Saigon","2008[7]","3,100"
"323",23,"Bremen/Bremerhaven","Germany",8.5809424,53.5395845,"Bremen","2008[7]","5,529"
"324",24,"New York and New Jersey","United States",-74.0059413,40.7127837,"New York","2008[7]","5,265"
"325",25,"Yingkou","China",122.108231,40.266062,"Yingkou","2008[7]","2,030"
"326",26,"Tanjung Priok (Jakarta)","Indonesia",106.8714848,-6.1320555,"Jakarta","2008[7]","3,984"
"327",27,"Lianyungang","China",119.221611,34.596653,"Lianyungang","2008[7]","3,001"
"328",28,"Tokyo","Japan",139.6917064,35.6894875,"Tokyo","2008[7]","4,271"
"329",29,"Mumbai","India",72.8776559,19.0759837,"Mumbai","2008[7]","3,953"
"330",30,"Algeciras","Spain",-5.456233,36.1407591,"Algeciras","2008[7]","3,324"
"331",31,"Valencia","Spain",-0.3762881,39.46991,"Valencia","2008[7]","3,593"
"332",32,"Khor Fakkan","United Arab Emirates",56.3432629,25.3365669,"Khor Fakkan","2008[7]","2,112"
"333",33,"Jeddah","Saudi Arabia",39.2375507,21.2854067,"Jeddah","2008[7]","3,326"
"334",34,"Colombo","Sri Lanka",79.861243,6.9270786,"Colombo","2008[7]","3,687"
"335",35,"Santos","Brazil",-46.3288865,-23.9678823,"Santos","2008[7]","2,675"
"336",36,"Felixstowe","United Kingdom",1.351255,51.961726,"Felixstowe","2008[7]","3,200"
"337",37,"Manila","Philippines",120.9842195,14.5995124,"Manila","2008[7]","2,977"
"338",38,"Seattle/Tacoma","United States",-122.3088165,47.4502499,"Seattle/Tacoma","2008[7]",""
"339",39,"Ambarli (Istanbul)","Turkey",28.7110539,40.9767748,"Istanbul","2008[7]",""
"340",40,"Tanger-Med (Tangiers)","Morocco",-5.7155548,35.7239191,"Tangiers","2008[7]",""
"341",41,"Savannah","United States",-81.0998342,32.0835407,"Savannah","2008[7]","2,616"
"342",42,"Balboa","Panama",-117.924131,33.607795,"Balboa","2008[7]","2,011"
"343",43,"Gioia Tauro","Italy",15.8988669,38.4262258,"Gioia Tauro","2008[7]","3,468"
"344",44,"Port Said","Egypt",32.3018661,31.2652893,"Port Said","2008[7]","3,202"
"345",45,"Salalah","Oman",54.1065864,17.0506675,"Salalah","2008[7]","3,068"
"346",46,"Keelung","Taiwan",121.7391833,25.1276033,"Keelung","2008[7]",""
"347",47,"Vancouver","Canada",-123.1207375,49.2827291,"Vancouver","2008[7]","2,307"
"348",48,"Malta Freeport","Malta",14.537637,35.816287,"Malta Freeport","2008[7]",""
"349",49,"Yokohama","Japan",139.6380256,35.4437078,"Yokohama","2008[7]","3,490"
"350",50,"Nagoya","Japan",136.906398,35.1814464,"Nagoya","2008[7]","2,817"
"351",1,"Shanghai","China",121.473701,31.230416,"Shanghai","2007[8]","26,150"
"352",2,"Singapore","Singapore",103.819836,1.352083,"Singapore","2007[8]","27,932"
"353",3,"Shenzhen","China",114.057865,22.543096,"Shenzhen","2007[8]","21,099"
"354",4,"Hong Kong","China",114.109497,22.396428,"Hong Kong","2007[8]","23,881"
"355",5,"Ningbo-Zhoushan","China",121.9880433,29.9016199,"Ningbo/Z-shan","2007[8]","9,349"
"356",6,"Busan","South Korea",129.0756416,35.1795543,"Busan","2007[8]","13,270"
"357",7,"Qingdao","China",120.382609,36.067108,"Qingdao","2007[8]","9,462"
"358",8,"Guangzhou","China",113.264385,23.12911,"Guangzhou","2007[8]","9,200"
"359",9,"Jebel Ali (Dubai)","United Arab Emirates",55.0272904,24.9857145,"Dubai","2007[8]","10,653"
"360",10,"Tianjin","China",117.200983,39.084158,"Tianjin","2007[8]","7,103"
"361",11,"Rotterdam","Netherlands",4.4777325,51.9244201,"Rotterdam","2007[8]","10,791"
"362",12,"Port Klang","Malaysia",101.39283,2.999852,"Port Klang","2007[8]","7,120"
"363",13,"Kaohsiung","Taiwan",120.3014353,22.6272784,"Kaohsiung","2007[8]","10,257"
"364",14,"Dalian","China",121.614682,38.914003,"Dalian","2007[8]","4,574"
"365",15,"Hamburg","Germany",9.9936818,53.5510846,"Hamburg","2007[8]","9,890"
"366",16,"Antwerp","Belgium",4.4024643,51.2194475,"Antwerp","2007[8]","8,176"
"367",17,"Xiamen","China",118.089425,24.479834,"Xiamen","2007[8]","4,627"
"368",18,"Los Angeles","United States",-118.2436849,34.0522342,"Los Angeles","2007[8]","8,355"
"369",19,"Tanjung Pelepas","Malaysia",103.551035,1.362374,"Tanjung Pelepas","2007[8]","5,500"
"370",20,"Long Beach","United States",-118.1937395,33.7700504,"Long Beach","2007[8]","7,316"
"371",21,"Laem Chabang","Thailand",100.9158073,13.1040552,"Laem Chabang","2007[8]","4,642"
"372",22,"Ho Chi Minh City (Saigon)","Vietnam",106.6296638,10.8230989,"Saigon","2007[8]","2,532"
"373",23,"Bremen/Bremerhaven","Germany",8.5809424,53.5395845,"Bremen","2007[8]","4,912"
"374",24,"New York and New Jersey","United States",-74.0059413,40.7127837,"New York","2007[8]","5,299"
"375",25,"Yingkou","China",122.108231,40.266062,"Yingkou","2007[8]","1,371"
"376",26,"Tanjung Priok (Jakarta)","Indonesia",106.8714848,-6.1320555,"Jakarta","2007[8]","3,900"
"377",27,"Lianyungang","China",119.221611,34.596653,"Lianyungang","2007[8]","2,001"
"378",28,"Tokyo","Japan",139.6917064,35.6894875,"Tokyo","2007[8]","3,818"
"379",29,"Mumbai","India",72.8776559,19.0759837,"Mumbai","2007[8]","4,060"
"380",30,"Algeciras","Spain",-5.456233,36.1407591,"Algeciras","2007[8]","3,152"
"381",31,"Valencia","Spain",-0.3762881,39.46991,"Valencia","2007[8]","3,043"
"382",32,"Khor Fakkan","United Arab Emirates",56.3432629,25.3365669,"Khor Fakkan","2007[8]","1,850"
"383",33,"Jeddah","Saudi Arabia",39.2375507,21.2854067,"Jeddah","2007[8]","3,068"
"384",34,"Colombo","Sri Lanka",79.861243,6.9270786,"Colombo","2007[8]","3,380"
"385",35,"Santos","Brazil",-46.3288865,-23.9678823,"Santos","2007[8]","2,533"
"386",36,"Felixstowe","United Kingdom",1.351255,51.961726,"Felixstowe","2007[8]","3,300"
"387",37,"Manila","Philippines",120.9842195,14.5995124,"Manila","2007[8]","2,800"
"388",38,"Seattle/Tacoma","United States",-122.3088165,47.4502499,"Seattle/Tacoma","2007[8]",""
"389",39,"Ambarli (Istanbul)","Turkey",28.7110539,40.9767748,"Istanbul","2007[8]",""
"390",40,"Tanger-Med (Tangiers)","Morocco",-5.7155548,35.7239191,"Tangiers","2007[8]",""
"391",41,"Savannah","United States",-81.0998342,32.0835407,"Savannah","2007[8]","2,604"
"392",42,"Balboa","Panama",-117.924131,33.607795,"Balboa","2007[8]","2,167"
"393",43,"Gioia Tauro","Italy",15.8988669,38.4262258,"Gioia Tauro","2007[8]","3,445"
"394",44,"Port Said","Egypt",32.3018661,31.2652893,"Port Said","2007[8]","2,127"
"395",45,"Salalah","Oman",54.1065864,17.0506675,"Salalah","2007[8]","2,600"
"396",46,"Keelung","Taiwan",121.7391833,25.1276033,"Keelung","2007[8]",""
"397",47,"Vancouver","Canada",-123.1207375,49.2827291,"Vancouver","2007[8]","2,208"
"398",48,"Malta Freeport","Malta",14.537637,35.816287,"Malta Freeport","2007[8]",""
"399",49,"Yokohama","Japan",139.6380256,35.4437078,"Yokohama","2007[8]","3,400"
"400",50,"Nagoya","Japan",136.906398,35.1814464,"Nagoya","2007[8]","2,890"
"401",1,"Shanghai","China",121.473701,31.230416,"Shanghai","2006[9]","21,710"
"402",2,"Singapore","Singapore",103.819836,1.352083,"Singapore","2006[9]","24,792"
"403",3,"Shenzhen","China",114.057865,22.543096,"Shenzhen","2006[9]","18,469"
"404",4,"Hong Kong","China",114.109497,22.396428,"Hong Kong","2006[9]","23,539"
"405",5,"Ningbo-Zhoushan","China",121.9880433,29.9016199,"Ningbo/Z-shan","2006[9]","7,068"
"406",6,"Busan","South Korea",129.0756416,35.1795543,"Busan","2006[9]","12,039"
"407",7,"Qingdao","China",120.382609,36.067108,"Qingdao","2006[9]","7,702"
"408",8,"Guangzhou","China",113.264385,23.12911,"Guangzhou","2006[9]","6,600"
"409",9,"Jebel Ali (Dubai)","United Arab Emirates",55.0272904,24.9857145,"Dubai","2006[9]","8,923"
"410",10,"Tianjin","China",117.200983,39.084158,"Tianjin","2006[9]","5,950"
"411",11,"Rotterdam","Netherlands",4.4777325,51.9244201,"Rotterdam","2006[9]","9,655"
"412",12,"Port Klang","Malaysia",101.39283,2.999852,"Port Klang","2006[9]","6,326"
"413",13,"Kaohsiung","Taiwan",120.3014353,22.6272784,"Kaohsiung","2006[9]","9,775"
"414",14,"Dalian","China",121.614682,38.914003,"Dalian","2006[9]","3,212"
"415",15,"Hamburg","Germany",9.9936818,53.5510846,"Hamburg","2006[9]","8,862"
"416",16,"Antwerp","Belgium",4.4024643,51.2194475,"Antwerp","2006[9]","7,019"
"417",17,"Xiamen","China",118.089425,24.479834,"Xiamen","2006[9]","4,019"
"418",18,"Los Angeles","United States",-118.2436849,34.0522342,"Los Angeles","2006[9]","8,470"
"419",19,"Tanjung Pelepas","Malaysia",103.551035,1.362374,"Tanjung Pelepas","2006[9]","4,770"
"420",20,"Long Beach","United States",-118.1937395,33.7700504,"Long Beach","2006[9]","7,289"
"421",21,"Laem Chabang","Thailand",100.9158073,13.1040552,"Laem Chabang","2006[9]","4,123"
"422",22,"Ho Chi Minh City (Saigon)","Vietnam",106.6296638,10.8230989,"Saigon","2006[9]","2,532"
"423",23,"Bremen/Bremerhaven","Germany",8.5809424,53.5395845,"Bremen","2006[9]","4,450"
"424",24,"New York and New Jersey","United States",-74.0059413,40.7127837,"New York","2006[9]","5,093"
"425",25,"Yingkou","China",122.108231,40.266062,"Yingkou","2006[9]","838"
"426",26,"Tanjung Priok (Jakarta)","Indonesia",106.8714848,-6.1320555,"Jakarta","2006[9]","3,280"
"427",27,"Lianyungang","China",119.221611,34.596653,"Lianyungang","2006[9]","1,302"
"428",28,"Tokyo","Japan",139.6917064,35.6894875,"Tokyo","2006[9]","3,969"
"429",29,"Mumbai","India",72.8776559,19.0759837,"Mumbai","2006[9]","3,298"
"430",30,"Algeciras","Spain",-5.456233,36.1407591,"Algeciras","2006[9]","3,257"
"431",31,"Valencia","Spain",-0.3762881,39.46991,"Valencia","2006[9]","2,612"
"432",32,"Khor Fakkan","United Arab Emirates",56.3432629,25.3365669,"Khor Fakkan","2006[9]","1,730"
"433",33,"Jeddah","Saudi Arabia",39.2375507,21.2854067,"Jeddah","2006[9]","2,964"
"434",34,"Colombo","Sri Lanka",79.861243,6.9270786,"Colombo","2006[9]","3,079"
"435",35,"Santos","Brazil",-46.3288865,-23.9678823,"Santos","2006[9]","2,208"
"436",36,"Felixstowe","United Kingdom",1.351255,51.961726,"Felixstowe","2006[9]","3,000"
"437",37,"Manila","Philippines",120.9842195,14.5995124,"Manila","2006[9]","2,638"
"438",38,"Seattle/Tacoma","United States",-122.3088165,47.4502499,"Seattle/Tacoma","2006[9]",""
"439",39,"Ambarli (Istanbul)","Turkey",28.7110539,40.9767748,"Istanbul","2006[9]",""
"440",40,"Tanger-Med (Tangiers)","Morocco",-5.7155548,35.7239191,"Tangiers","2006[9]",""
"441",41,"Savannah","United States",-81.0998342,32.0835407,"Savannah","2006[9]","2,160"
"442",42,"Balboa","Panama",-117.924131,33.607795,"Balboa","2006[9]","988"
"443",43,"Gioia Tauro","Italy",15.8988669,38.4262258,"Gioia Tauro","2006[9]","2,900"
"444",44,"Port Said","Egypt",32.3018661,31.2652893,"Port Said","2006[9]","2,127"
"445",45,"Salalah","Oman",54.1065864,17.0506675,"Salalah","2006[9]","2,390"
"446",46,"Keelung","Taiwan",121.7391833,25.1276033,"Keelung","2006[9]",""
"447",47,"Vancouver","Canada",-123.1207375,49.2827291,"Vancouver","2006[9]","1,767"
"448",48,"Malta Freeport","Malta",14.537637,35.816287,"Malta Freeport","2006[9]",""
"449",49,"Yokohama","Japan",139.6380256,35.4437078,"Yokohama","2006[9]","3,200"
"450",50,"Nagoya","Japan",136.906398,35.1814464,"Nagoya","2006[9]","2,740"
"451",1,"Shanghai","China",121.473701,31.230416,"Shanghai","2005[10]","18,084"
"452",2,"Singapore","Singapore",103.819836,1.352083,"Singapore","2005[10]","23,192"
"453",3,"Shenzhen","China",114.057865,22.543096,"Shenzhen","2005[10]","16,197"
"454",4,"Hong Kong","China",114.109497,22.396428,"Hong Kong","2005[10]","22,427"
"455",5,"Ningbo-Zhoushan","China",121.9880433,29.9016199,"Ningbo/Z-shan","2005[10]","5,208"
"456",6,"Busan","South Korea",129.0756416,35.1795543,"Busan","2005[10]","11,843"
"457",7,"Qingdao","China",120.382609,36.067108,"Qingdao","2005[10]","6,307"
"458",8,"Guangzhou","China",113.264385,23.12911,"Guangzhou","2005[10]","4,685"
"459",9,"Jebel Ali (Dubai)","United Arab Emirates",55.0272904,24.9857145,"Dubai","2005[10]","7,619"
"460",10,"Tianjin","China",117.200983,39.084158,"Tianjin","2005[10]","4,801"
"461",11,"Rotterdam","Netherlands",4.4777325,51.9244201,"Rotterdam","2005[10]","9,287"
"462",12,"Port Klang","Malaysia",101.39283,2.999852,"Port Klang","2005[10]","5,544"
"463",13,"Kaohsiung","Taiwan",120.3014353,22.6272784,"Kaohsiung","2005[10]","9,471"
"464",14,"Dalian","China",121.614682,38.914003,"Dalian","2005[10]","2,665"
"465",15,"Hamburg","Germany",9.9936818,53.5510846,"Hamburg","2005[10]","8,088"
"466",16,"Antwerp","Belgium",4.4024643,51.2194475,"Antwerp","2005[10]","6,482"
"467",17,"Xiamen","China",118.089425,24.479834,"Xiamen","2005[10]","3,342"
"468",18,"Los Angeles","United States",-118.2436849,34.0522342,"Los Angeles","2005[10]","7,485"
"469",19,"Tanjung Pelepas","Malaysia",103.551035,1.362374,"Tanjung Pelepas","2005[10]","4,177"
"470",20,"Long Beach","United States",-118.1937395,33.7700504,"Long Beach","2005[10]","6,710"
"471",21,"Laem Chabang","Thailand",100.9158073,13.1040552,"Laem Chabang","2005[10]","3,834"
"472",22,"Ho Chi Minh City (Saigon)","Vietnam",106.6296638,10.8230989,"Saigon","2005[10]","2,122"
"473",23,"Bremen/Bremerhaven","Germany",8.5809424,53.5395845,"Bremen","2005[10]","3,736"
"474",24,"New York and New Jersey","United States",-74.0059413,40.7127837,"New York","2005[10]","4,785"
"475",25,"Yingkou","China",122.108231,40.266062,"Yingkou","2005[10]","634"
"476",26,"Tanjung Priok (Jakarta)","Indonesia",106.8714848,-6.1320555,"Jakarta","2005[10]","3,282"
"477",27,"Lianyungang","China",119.221611,34.596653,"Lianyungang","2005[10]","1,005"
"478",28,"Tokyo","Japan",139.6917064,35.6894875,"Tokyo","2005[10]","3,593"
"479",29,"Mumbai","India",72.8776559,19.0759837,"Mumbai","2005[10]","2,667"
"480",30,"Algeciras","Spain",-5.456233,36.1407591,"Algeciras","2005[10]","3,180"
"481",31,"Valencia","Spain",-0.3762881,39.46991,"Valencia","2005[10]","2,410"
"482",32,"Khor Fakkan","United Arab Emirates",56.3432629,25.3365669,"Khor Fakkan","2005[10]","1,929"
"483",33,"Jeddah","Saudi Arabia",39.2375507,21.2854067,"Jeddah","2005[10]","2,836"
"484",34,"Colombo","Sri Lanka",79.861243,6.9270786,"Colombo","2005[10]","2,455"
"485",35,"Santos","Brazil",-46.3288865,-23.9678823,"Santos","2005[10]","2,240"
"486",36,"Felixstowe","United Kingdom",1.351255,51.961726,"Felixstowe","2005[10]","2,700"
"487",37,"Manila","Philippines",120.9842195,14.5995124,"Manila","2005[10]","2,625"
"488",38,"Seattle/Tacoma","United States",-122.3088165,47.4502499,"Seattle/Tacoma","2005[10]",""
"489",39,"Ambarli (Istanbul)","Turkey",28.7110539,40.9767748,"Istanbul","2005[10]",""
"490",40,"Tanger-Med (Tangiers)","Morocco",-5.7155548,35.7239191,"Tangiers","2005[10]",""
"491",41,"Savannah","United States",-81.0998342,32.0835407,"Savannah","2005[10]","1,902"
"492",42,"Balboa","Panama",-117.924131,33.607795,"Balboa","2005[10]","663"
"493",43,"Gioia Tauro","Italy",15.8988669,38.4262258,"Gioia Tauro","2005[10]","3,161"
"494",44,"Port Said","Egypt",32.3018661,31.2652893,"Port Said","2005[10]","1,522"
"495",45,"Salalah","Oman",54.1065864,17.0506675,"Salalah","2005[10]","2,492"
"496",46,"Keelung","Taiwan",121.7391833,25.1276033,"Keelung","2005[10]",""
"497",47,"Vancouver","Canada",-123.1207375,49.2827291,"Vancouver","2005[10]","1,665"
"498",48,"Malta Freeport","Malta",14.537637,35.816287,"Malta Freeport","2005[10]",""
"499",49,"Yokohama","Japan",139.6380256,35.4437078,"Yokohama","2005[10]","2,873"
"500",50,"Nagoya","Japan",136.906398,35.1814464,"Nagoya","2005[10]","2,470"
"501",1,"Shanghai","China",121.473701,31.230416,"Shanghai","2004[11]","14,557"
"502",2,"Singapore","Singapore",103.819836,1.352083,"Singapore","2004[11]","21,329"
"503",3,"Shenzhen","China",114.057865,22.543096,"Shenzhen","2004[11]","13,615"
"504",4,"Hong Kong","China",114.109497,22.396428,"Hong Kong","2004[11]","21,984"
"505",5,"Ningbo-Zhoushan","China",121.9880433,29.9016199,"Ningbo/Z-shan","2004[11]","4,006"
"506",6,"Busan","South Korea",129.0756416,35.1795543,"Busan","2004[11]","11,430"
"507",7,"Qingdao","China",120.382609,36.067108,"Qingdao","2004[11]","5,140"
"508",8,"Guangzhou","China",113.264385,23.12911,"Guangzhou","2004[11]","3,308"
"509",9,"Jebel Ali (Dubai)","United Arab Emirates",55.0272904,24.9857145,"Dubai","2004[11]","6,429"
"510",10,"Tianjin","China",117.200983,39.084158,"Tianjin","2004[11]","3,814"
"511",11,"Rotterdam","Netherlands",4.4777325,51.9244201,"Rotterdam","2004[11]","8,281"
"512",12,"Port Klang","Malaysia",101.39283,2.999852,"Port Klang","2004[11]","5,244"
"513",13,"Kaohsiung","Taiwan",120.3014353,22.6272784,"Kaohsiung","2004[11]","9,714"
"514",14,"Dalian","China",121.614682,38.914003,"Dalian","2004[11]","2,211"
"515",15,"Hamburg","Germany",9.9936818,53.5510846,"Hamburg","2004[11]","7,003"
"516",16,"Antwerp","Belgium",4.4024643,51.2194475,"Antwerp","2004[11]","6,064"
"517",17,"Xiamen","China",118.089425,24.479834,"Xiamen","2004[11]","2,872"
"518",18,"Los Angeles","United States",-118.2436849,34.0522342,"Los Angeles","2004[11]","7,321"
"519",19,"Tanjung Pelepas","Malaysia",103.551035,1.362374,"Tanjung Pelepas","2004[11]","4,020"
"520",20,"Long Beach","United States",-118.1937395,33.7700504,"Long Beach","2004[11]","5,780"
"521",21,"Laem Chabang","Thailand",100.9158073,13.1040552,"Laem Chabang","2004[11]","3,529"
"522",22,"Ho Chi Minh City (Saigon)","Vietnam",106.6296638,10.8230989,"Saigon","2004[11]","1,868"
"523",23,"Bremen/Bremerhaven","Germany",8.5809424,53.5395845,"Bremen","2004[11]","3,469"
"524",24,"New York and New Jersey","United States",-74.0059413,40.7127837,"New York","2004[11]","4,478"
"525",25,"Yingkou","China",122.108231,40.266062,"Yingkou","2004[11]","N/A"
"526",26,"Tanjung Priok (Jakarta)","Indonesia",106.8714848,-6.1320555,"Jakarta","2004[11]","3,170"
"527",27,"Lianyungang","China",119.221611,34.596653,"Lianyungang","2004[11]","N/A"
"528",28,"Tokyo","Japan",139.6917064,35.6894875,"Tokyo","2004[11]","3,358"
"529",29,"Mumbai","India",72.8776559,19.0759837,"Mumbai","2004[11]","2,361"
"530",30,"Algeciras","Spain",-5.456233,36.1407591,"Algeciras","2004[11]","2,937"
"531",31,"Valencia","Spain",-0.3762881,39.46991,"Valencia","2004[11]","2,145"
"532",32,"Khor Fakkan","United Arab Emirates",56.3432629,25.3365669,"Khor Fakkan","2004[11]","1,819"
"533",33,"Jeddah","Saudi Arabia",39.2375507,21.2854067,"Jeddah","2004[11]","2,426"
"534",34,"Colombo","Sri Lanka",79.861243,6.9270786,"Colombo","2004[11]","2,221"
"535",35,"Santos","Brazil",-46.3288865,-23.9678823,"Santos","2004[11]","1,883"
"536",36,"Felixstowe","United Kingdom",1.351255,51.961726,"Felixstowe","2004[11]","2,717"
"537",37,"Manila","Philippines",120.9842195,14.5995124,"Manila","2004[11]","2,698"
"538",38,"Seattle/Tacoma","United States",-122.3088165,47.4502499,"Seattle/Tacoma","2004[11]",""
"539",39,"Ambarli (Istanbul)","Turkey",28.7110539,40.9767748,"Istanbul","2004[11]",""
"540",40,"Tanger-Med (Tangiers)","Morocco",-5.7155548,35.7239191,"Tangiers","2004[11]",""
"541",41,"Savannah","United States",-81.0998342,32.0835407,"Savannah","2004[11]","1,662"
"542",42,"Balboa","Panama",-117.924131,33.607795,"Balboa","2004[11]",""
"543",43,"Gioia Tauro","Italy",15.8988669,38.4262258,"Gioia Tauro","2004[11]","3,261"
"544",44,"Port Said","Egypt",32.3018661,31.2652893,"Port Said","2004[11]","869"
"545",45,"Salalah","Oman",54.1065864,17.0506675,"Salalah","2004[11]","2,229"
"546",46,"Keelung","Taiwan",121.7391833,25.1276033,"Keelung","2004[11]",""
"547",47,"Vancouver","Canada",-123.1207375,49.2827291,"Vancouver","2004[11]",NA
"548",48,"Malta Freeport","Malta",14.537637,35.816287,"Malta Freeport","2004[11]",""
"549",49,"Yokohama","Japan",139.6380256,35.4437078,"Yokohama","2004[11]","2,718"
"550",50,"Nagoya","Japan",136.906398,35.1814464,"Nagoya","2004[11]","2,304"
